"Bill of Material for "
"On 21-03-2019 at 07:26:08 AM"

"Comment","Pattern","Quantity","Components"

"","3.2X1.6X1.1","9","L1, L2, L3, L4, L5, L6, L7, L8, LP1","Typical RED, GREEN, YELLOW, AMBER GaAs LED"
"","C1206","12","C1, C2, C3, C4, C5, C6, C7, C8, C9, C10, C11, C14","Capacitor (Semiconductor SIM Model)"
"","DO-41","1","D1","1 Amp General Purpose Rectifier"
"","HDR1X16","4","P3, P4, P5, PE2","Header, 16-Pin"
"","HDR1X2","2","PW1, U3INT","Header, 2-Pin"
"","HDR1X3","4","BOOT0, P1, PE1, PE SPI","Header, 3-Pin"
"","HDR2X10","1","P2","Header, 10-Pin, Dual row"
"","J1-0603","17","R1, R2, R3, R4, R5, R6, R7, R8, R9, R10, R11, R12, R13, R14, R15, R16, R17","Resistor"
"","KLD-0202","1","J1","Low Voltage Power Supply Connector"
"Cap2","CAPR5-4X5","2","C12, C13","100uF/50V Electrolytic Capacitor"
"Header 4","HDR1X4","2","3V3, GND","Header, 4-Pin"
"Part Number: 2-1437565-8","SW4_FSM-4P44","2","RESET, USER PD2","FSM2JSMAA=TACTILE 260G FORCE S"
"Part Number: LD1117S33TR","SOT-223","1","CR1","LDO LD1117S33TR"
"Part Number: MCP23S18T-E/SO","SOIC28-W_MC","1","U3","MCP23017-E/SO 16-Bit I/O Expander with Serial Interface"
"Part Number: SN74LS240N","N20","1","U2","74LS240 - Octal Buffers &amp; Line Drivers"
"Part Number: X49SM8MSD2SC","CRYSTAL_TXC_9C","1","XTAL1","X49SM8MSD2SC"
"stm32f103RBT6","LQFP64-10x10mm","1","U1","STM32F103RBT6"
